title,price,ratings,reviews,availability
Boost Mobile | Apple iPhone 16 (128 GB) - Ultramarine [Locked]. Apple Intelligence. Requires Unlimited Plan.,,5.0 out of 5 stars,,Not Available
Boost Mobile | Apple iPhone 16 Pro (128 GB) - Desert Titanium [Locked]. Apple Intelligence. Requires Unlimited Plan.,,5.0 out of 5 stars,,Not Available
"SAMSUNG Galaxy S24 Ultra Cell Phone, 512GB AI Smartphone, Unlocked Android, 50MP Zoom Camera, Long Battery Life, S Pen, US Version, 2024, Titanium Gray",$893.47,4.5 out of 5 stars,"1,802 ratings",Not Available
"OnePlus 12R, 16GB RAM+256GB, Dual-SIM, US Factory Unlocked Android Smartphone, 5500 mAh Battery, 50MP Camera, 80W Fast Charging, 2024, Cool Blue",$507.83,4.4 out of 5 stars,421 ratings,Not Available
"OnePlus Open, 16GB RAM+512GB, Dual-SIM, Emerald Dusk, US Factory Unlocked Android Smartphone, 4805 mAh Battery, 67W Fast Charging, Hasselblad Camera, 120Hz Fluid Display","$1,149.07",4.1 out of 5 stars,230 ratings,Not Available
"OnePlus 12,16GB RAM+512GB,Dual-SIM,Unlocked Android Smartphone,Supports 50W Wireless Charging,Latest Mobile Processor,Advanced Hasselblad Camera,5400 mAh Battery,2024,Flowy Emerald",$702.71,4.5 out of 5 stars,533 ratings,Not Available
Boost Mobile | Apple iPhone 16 Pro Max (256 GB) - White Titanium [Locked]. Apple Intelligence. Requires Unlimited Plan.,,5.0 out of 5 stars,,Not Available
"OnePlus Nord N30 5G | Unlocked Dual-SIM Android Smart Phone | 6.7"" LCD Display | 8 +128GB | 5000 mAh Battery | 50W Fast Charging | 108MP Camera | Chromatic Gray",$217.92,4.3 out of 5 stars,988 ratings,Not Available
Boost Mobile | Apple iPhone 16 Pro (128 GB) - Black Titanium [Locked]. Apple Intelligence. Requires Unlimited Plan.,,5.0 out of 5 stars,,Not Available
Boost Mobile | Apple iPhone 16 (128 GB) - Ultramarine [Locked]. Apple Intelligence. Requires Unlimited Plan.,,5.0 out of 5 stars,,Not Available
"Azumi iPhone SE 16GB Unlocked, Silver 2016 (Gen 1)",$99.99,3.6 out of 5 stars,882 ratings,Not Available
"Apple iPhone 14 Pro Max, 256GB, Gold - Unlocked (Renewed Premium)",$816.70,4.3 out of 5 stars,515 ratings,Not Available
Boost Mobile | Apple iPhone 16 (128 GB) - Pink [Locked]. Apple Intelligence. Requires Unlimited Plan.,,5.0 out of 5 stars,,Not Available
Boost Mobile | Apple iPhone 16 Pro Max (1 TB) - White Titanium [Locked]. Apple Intelligence. Requires Unlimited Plan.,,5.0 out of 5 stars,4 ratings,Not Available
Boost Mobile | Apple iPhone 16 Pro (512 GB) - Desert Titanium [Locked]. Apple Intelligence. Requires Unlimited Plan.,,5.0 out of 5 stars,,Not Available
